taxonID,scientificName,Cabinet,subfamily,tribe,subgenus,labelName,scientificNameAuthorship,taxonRank,nameAccordingToID,nameAccordingToTitle,family,genus,specificEpithet,infraspecificEpithet,acceptedTaxonID,accepted,PhylogeneticOrder
ANOATR,Anopheles atropos,19,Anophelinae,,Anopheles,Anopheles (Anopheles) atropos ,"Dyar and Knab, 1906",species,isbn: 9781421438146,"Wilkerson, R. C., Linton, Y.-M. and Strickman, D. 2021. Mosquitoes of the World. John Hopkins University Press, Baltimore.",Culicidae,Anopheles,atropos,,ANOATR,1,1
ANOAZT,Anopheles aztecus,19,Anophelinae,,Anopheles,Anopheles (Anopheles) aztecus ,"Hoffmann, 1935",species,isbn: 9781421438146,"Wilkerson, R. C., Linton, Y.-M. and Strickman, D. 2021. Mosquitoes of the World. John Hopkins University Press, Baltimore.",Culicidae,Anopheles,aztecus,,ANOAZT,1,2
ANOBAR,Anopheles barberi,19,Anophelinae,,Anopheles,Anopheles (Anopheles) barberi ,"Coquillett, 1903",species,isbn: 9781421438146,"Wilkerson, R. C., Linton, Y.-M. and Strickman, D. 2021. Mosquitoes of the World. John Hopkins University Press, Baltimore.",Culicidae,Anopheles,barberi,,ANOBAR,1,3
ANOBRA,Anopheles bradleyi,19,Anophelinae,,Anopheles,Anopheles (Anopheles) bradleyi ,"King, 1939",species,isbn: 9781421438146,"Wilkerson, R. C., Linton, Y.-M. and Strickman, D. 2021. Mosquitoes of the World. John Hopkins University Press, Baltimore.",Culicidae,Anopheles,bradleyi,,ANOBRA,1,4
ANOCRU,Anopheles crucians,19,Anophelinae,,Anopheles,Anopheles (Anopheles) crucians ,"Wiedemann, 1828",species,isbn: 9781421438146,"Wilkerson, R. C., Linton, Y.-M. and Strickman, D. 2021. Mosquitoes of the World. John Hopkins University Press, Baltimore.",Culicidae,Anopheles,crucians,,ANOCRU,1,5
ANODIL,Anopheles diluvialis,19,Anophelinae,,Anopheles,Anopheles (Anopheles) diluvialis ,"Reinert, 1997",species,isbn: 9781421438146,"Wilkerson, R. C., Linton, Y.-M. and Strickman, D. 2021. Mosquitoes of the World. John Hopkins University Press, Baltimore.",Culicidae,Anopheles,diluvialis,,ANODIL,1,6
ANOEAR,Anopheles earlei,19,Anophelinae,,Anopheles,Anopheles (Anopheles) earlei ,"Vargas, 1943",species,isbn: 9781421438146,"Wilkerson, R. C., Linton, Y.-M. and Strickman, D. 2021. Mosquitoes of the World. John Hopkins University Press, Baltimore.",Culicidae,Anopheles,earlei,,ANOEAR,1,7
ANOFRA,Anopheles franciscanus,19,Anophelinae,,Anopheles,Anopheles (Anopheles) franciscanus ,"McCracken, 1904",species,isbn: 9781421438146,"Wilkerson, R. C., Linton, Y.-M. and Strickman, D. 2021. Mosquitoes of the World. John Hopkins University Press, Baltimore.",Culicidae,Anopheles,franciscanus,,ANOFRA,1,8
ANOFRE,Anopheles freeborni,19,Anophelinae,,Anopheles,Anopheles (Anopheles) freeborni ,"Aitken, 1939",species,isbn: 9781421438146,"Wilkerson, R. C., Linton, Y.-M. and Strickman, D. 2021. Mosquitoes of the World. John Hopkins University Press, Baltimore.",Culicidae,Anopheles,freeborni,,ANOFRE,1,9
ANOGEO,Anopheles georgianus,19,Anophelinae,,Anopheles,Anopheles (Anopheles) georgianus ,"King, 1939",species,isbn: 9781421438146,"Wilkerson, R. C., Linton, Y.-M. and Strickman, D. 2021. Mosquitoes of the World. John Hopkins University Press, Baltimore.",Culicidae,Anopheles,georgianus,,ANOGEO,1,10
ANOGRA,Anopheles grabhamii,19,Anophelinae,,Anopheles,Anopheles (Anopheles) grabhamii ,"Theobald, 1901",species,isbn: 9781421438146,"Wilkerson, R. C., Linton, Y.-M. and Strickman, D. 2021. Mosquitoes of the World. John Hopkins University Press, Baltimore.",Culicidae,Anopheles,grabhamii,,ANOGRA,1,11
ANOHER,Anopheles hermsi,19,Anophelinae,,Anopheles,Anopheles (Anopheles) hermsi ,"Barr and Guptavanij, 1989",species,isbn: 9781421438146,"Wilkerson, R. C., Linton, Y.-M. and Strickman, D. 2021. Mosquitoes of the World. John Hopkins University Press, Baltimore.",Culicidae,Anopheles,hermsi,,ANOHER,1,12
ANOINU,Anopheles inundatus,19,Anophelinae,,Anopheles,Anopheles (Anopheles) inundatus ,"Reinert, 1997",species,isbn: 9781421438146,"Wilkerson, R. C., Linton, Y.-M. and Strickman, D. 2021. Mosquitoes of the World. John Hopkins University Press, Baltimore.",Culicidae,Anopheles,inundatus,,ANOINU,1,13
ANOJUD,Anopheles judithae,19,Anophelinae,,Anopheles,Anopheles (Anopheles) judithae ,"Zavortink, 1969",species,isbn: 9781421438146,"Wilkerson, R. C., Linton, Y.-M. and Strickman, D. 2021. Mosquitoes of the World. John Hopkins University Press, Baltimore.",Culicidae,Anopheles,judithae,,ANOJUD,1,14
ANOMAV,Anopheles maverlius,19,Anophelinae,,Anopheles,Anopheles (Anopheles) maverlius ,"Reinert, 1997",species,isbn: 9781421438146,"Wilkerson, R. C., Linton, Y.-M. and Strickman, D. 2021. Mosquitoes of the World. John Hopkins University Press, Baltimore.",Culicidae,Anopheles,maverlius,,ANOMAV,1,15
ANOOCC,Anopheles occidentalis,19,Anophelinae,,Anopheles,Anopheles (Anopheles) occidentalis ,"Dyar and Knab, 1906",species,isbn: 9781421438146,"Wilkerson, R. C., Linton, Y.-M. and Strickman, D. 2021. Mosquitoes of the World. John Hopkins University Press, Baltimore.",Culicidae,Anopheles,occidentalis,,ANOOCC,1,16
ANOPER,Anopheles perplexens,19,Anophelinae,,Anopheles,Anopheles (Anopheles) perplexens ,"Ludlow, 1907",species,isbn: 9781421438146,"Wilkerson, R. C., Linton, Y.-M. and Strickman, D. 2021. Mosquitoes of the World. John Hopkins University Press, Baltimore.",Culicidae,Anopheles,perplexens,,ANOPER,1,17
ANOPSE,Anopheles pseudopunctipennis,19,Anophelinae,,Anopheles,Anopheles (Anopheles) pseudopunctipennis ,"Theobald, 1901",species,isbn: 9781421438146,"Wilkerson, R. C., Linton, Y.-M. and Strickman, D. 2021. Mosquitoes of the World. John Hopkins University Press, Baltimore.",Culicidae,Anopheles,pseudopunctipennis,,ANOPSE,1,18
ANOPUN,Anopheles punctipennis,19,Anophelinae,,Anopheles,Anopheles (Anopheles) punctipennis ,"(Say, 1823)",species,isbn: 9781421438146,"Wilkerson, R. C., Linton, Y.-M. and Strickman, D. 2021. Mosquitoes of the World. John Hopkins University Press, Baltimore.",Culicidae,Anopheles,punctipennis,,ANOPUN,1,19
ANOQUA,Anopheles quadrimaculatus,19,Anophelinae,,Anopheles,Anopheles (Anopheles) quadrimaculatus ,"Say, 1824",species,isbn: 9781421438146,"Wilkerson, R. C., Linton, Y.-M. and Strickman, D. 2021. Mosquitoes of the World. John Hopkins University Press, Baltimore.",Culicidae,Anopheles,quadrimaculatus,,ANOQUA,1,20
ANOSMA,Anopheles smaragdinus,19,Anophelinae,,Anopheles,Anopheles (Anopheles) smaragdinus ,"Ribeiro, 1997",species,isbn: 9781421438146,"Wilkerson, R. C., Linton, Y.-M. and Strickman, D. 2021. Mosquitoes of the World. John Hopkins University Press, Baltimore.",Culicidae,Anopheles,smaragdinus,,ANOSMA,1,21
ANOVES,Anopheles vestitipennis,19,Anophelinae,,Anopheles,Anopheles (Anopheles) vestitipennis ,"Dyar and Knab, 1906",species,isbn: 9781421438146,"Wilkerson, R. C., Linton, Y.-M. and Strickman, D. 2021. Mosquitoes of the World. John Hopkins University Press, Baltimore.",Culicidae,Anopheles,vestitipennis,,ANOVES,1,22
ANOWAL,Anopheles walkeri,19,Anophelinae,,Anopheles,Anopheles (Anopheles) walkeri ,"Theobald, 1901",species,isbn: 9781421438146,"Wilkerson, R. C., Linton, Y.-M. and Strickman, D. 2021. Mosquitoes of the World. John Hopkins University Press, Baltimore.",Culicidae,Anopheles,walkeri,,ANOWAL,1,23
ANOALB,Anopheles albimanus,19,Anophelinae,,Nyssorhynchus,Anopheles (Nyssorhynchus) albimanus ,"Wiedemann, 1820",species,isbn: 9781421438146,"Wilkerson, R. C., Linton, Y.-M. and Strickman, D. 2021. Mosquitoes of the World. John Hopkins University Press, Baltimore.",Culicidae,Anopheles,albimanus,,ANOALB,1,24
AEDSQU1,Aedeomyia squamipennis,19,Culicinae,Aedini,Aedeomyia,Aedeomyia (Aedeomyia) squamipennis ,"(Lynch Arribalzaga, 1878)",species,isbn: 9781421438146,"Wilkerson, R. C., Linton, Y.-M. and Strickman, D. 2021. Mosquitoes of the World. John Hopkins University Press, Baltimore.",Culicidae,Aedeomyia,squamipennis,,AEDSQU1,1,25
AEDPAP,Aedes papago,19,Culicinae,Aedini,Abraedes,Aedes (Abraedes) papago ,"Zavortink, 1970",species,isbn: 9781421438146,"Wilkerson, R. C., Linton, Y.-M. and Strickman, D. 2021. Mosquitoes of the World. John Hopkins University Press, Baltimore.",Culicidae,Aedes,papago,,AEDPAP,1,26
AEDCIN,Aedes cinereus,19,Culicinae,Aedini,Aedes,Aedes (Aedes) cinereus ,"Meigen, 1818",species,isbn: 9781421438146,"Wilkerson, R. C., Linton, Y.-M. and Strickman, D. 2021. Mosquitoes of the World. John Hopkins University Press, Baltimore.",Culicidae,Aedes,cinereus,,AEDCIN,1,27
AEDVEX2,Aedes vexans nipponii,19,Culicinae,Aedini,Aedimorphus,Aedes (Aedimorphus) vexans nipponii,"(Theobald, 1907)",subspecies,isbn: 9781421438146,"Wilkerson, R. C., Linton, Y.-M. and Strickman, D. 2021. Mosquitoes of the World. John Hopkins University Press, Baltimore.",Culicidae,Aedes,vexans,nipponii,AEDVEX2,1,28
AEDNOC,Aedes vexans nocturnus,19,Culicinae,Aedini,Aedimorphus,Aedes (Aedimorphus) vexans nocturnus,"Theobald, 1903",subspecies,isbn: 9781421438146,"Wilkerson, R. C., Linton, Y.-M. and Strickman, D. 2021. Mosquitoes of the World. John Hopkins University Press, Baltimore.",Culicidae,Aedes,vexans,nocturnus,AEDNOC,1,29
AEDVEX1,Aedes vexans vexans,19,Culicinae,Aedini,Aedimorphus,Aedes (Aedimorphus) vexans vexans,"(Meigen, 1830)",subspecies,isbn: 9781421438146,"Wilkerson, R. C., Linton, Y.-M. and Strickman, D. 2021. Mosquitoes of the World. John Hopkins University Press, Baltimore.",Culicidae,Aedes,vexans,vexans,AEDVEX1,1,30
AEDVEX,Aedes vexans,19,Culicinae,Aedini,Aedimorphus,Aedes (Aedimorphus) vexans ,"(Meigen, 1830)",species,isbn: 9781421438146,"Wilkerson, R. C., Linton, Y.-M. and Strickman, D. 2021. Mosquitoes of the World. John Hopkins University Press, Baltimore.",Culicidae,Aedes,vexans,,AEDVEX,1,31
AEDATR,Aedes atropalpus,19,Culicinae,Aedini,Georgecraigius,Aedes (Georgecraigius) atropalpus ,"(Coquillett, 1902)",species,isbn: 9781421438146,"Wilkerson, R. C., Linton, Y.-M. and Strickman, D. 2021. Mosquitoes of the World. John Hopkins University Press, Baltimore.",Culicidae,Aedes,atropalpus,,AEDATR,1,32
AEDEPA,Aedes epactius,19,Culicinae,Aedini,Georgecraigius,Aedes (Georgecraigius) epactius ,"(Dyar and Knab, 1908)",species,isbn: 9781421438146,"Wilkerson, R. C., Linton, Y.-M. and Strickman, D. 2021. Mosquitoes of the World. John Hopkins University Press, Baltimore.",Culicidae,Aedes,epactius,,AEDEPA,1,33
AEDMED,Aedes mediovittatus,19,Culicinae,Aedini,Gymnometopa,Aedes (Gymnometopa) mediovittatus ,"(Coquillett, 1906)",species,isbn: 9781421438146,"Wilkerson, R. C., Linton, Y.-M. and Strickman, D. 2021. Mosquitoes of the World. John Hopkins University Press, Baltimore.",Culicidae,Aedes,mediovittatus,,AEDMED,1,34
AEDBAH,Aedes bahamensis,19,Culicinae,Aedini,Howardina,Aedes (Howardina) bahamensis ,"Berlin, 1969",species,isbn: 9781421438146,"Wilkerson, R. C., Linton, Y.-M. and Strickman, D. 2021. Mosquitoes of the World. John Hopkins University Press, Baltimore.",Culicidae,Aedes,bahamensis,,AEDBAH,1,35
AEDJAP,Aedes japonicus,19,Culicinae,Aedini,Hulecoeteomyia,Aedes (Hulecoeteomyia) japonicus ,"(Theobald, 1901)",species,isbn: 9781421438146,"Wilkerson, R. C., Linton, Y.-M. and Strickman, D. 2021. Mosquitoes of the World. John Hopkins University Press, Baltimore.",Culicidae,Aedes,japonicus,,AEDJAP,1,36
AEDDES,Aedes deserticola,20,Culicinae,Aedini,Jarnellius,Aedes (Jarnellius) deserticola ,"Zavortink, 1970",species,isbn: 9781421438146,"Wilkerson, R. C., Linton, Y.-M. and Strickman, D. 2021. Mosquitoes of the World. John Hopkins University Press, Baltimore.",Culicidae,Aedes,deserticola,,AEDDES,1,37
AEDMON,Aedes monticola,20,Culicinae,Aedini,Jarnellius,Aedes (Jarnellius) monticola ,"Belkin and McDonald, 1957",species,isbn: 9781421438146,"Wilkerson, R. C., Linton, Y.-M. and Strickman, D. 2021. Mosquitoes of the World. John Hopkins University Press, Baltimore.",Culicidae,Aedes,monticola,,AEDMON,1,38
AEDSIE,Aedes sierrensis,20,Culicinae,Aedini,Jarnellius,Aedes (Jarnellius) sierrensis ,"(Ludlow, 1905)",species,isbn: 9781421438146,"Wilkerson, R. C., Linton, Y.-M. and Strickman, D. 2021. Mosquitoes of the World. John Hopkins University Press, Baltimore.",Culicidae,Aedes,sierrensis,,AEDSIE,1,39
AEDVAR,Aedes varipalpus,20,Culicinae,Aedini,Jarnellius,Aedes (Jarnellius) varipalpus ,"(Coquillett, 1902)",species,isbn: 9781421438146,"Wilkerson, R. C., Linton, Y.-M. and Strickman, D. 2021. Mosquitoes of the World. John Hopkins University Press, Baltimore.",Culicidae,Aedes,varipalpus,,AEDVAR,1,40
AEDPUR,Aedes purpureipes,20,Culicinae,Aedini,Kompia,Aedes (Kompia) purpureipes ,"Aitken, 1941",species,isbn: 9781421438146,"Wilkerson, R. C., Linton, Y.-M. and Strickman, D. 2021. Mosquitoes of the World. John Hopkins University Press, Baltimore.",Culicidae,Aedes,purpureipes,,AEDPUR,1,41
AEDMUE,Aedes muelleri,20,Culicinae,Aedini,Lewnielsenius,Aedes (Lewnielsenius) muelleri ,"Dyar, 1920",species,isbn: 9781421438146,"Wilkerson, R. C., Linton, Y.-M. and Strickman, D. 2021. Mosquitoes of the World. John Hopkins University Press, Baltimore.",Culicidae,Aedes,muelleri,,AEDMUE,1,42
AEDABO,Aedes aboriginis,20,Culicinae,Aedini,Ochlerotatus,Aedes (Ochlerotatus) aboriginis ,"Dyar, 1917",species,isbn: 9781421438146,"Wilkerson, R. C., Linton, Y.-M. and Strickman, D. 2021. Mosquitoes of the World. John Hopkins University Press, Baltimore.",Culicidae,Aedes,aboriginis,,AEDABO,1,43
AEDABS,Aedes abserratus,20,Culicinae,Aedini,Ochlerotatus,Aedes (Ochlerotatus) abserratus ,"(Felt and Young, 1904)",species,isbn: 9781421438146,"Wilkerson, R. C., Linton, Y.-M. and Strickman, D. 2021. Mosquitoes of the World. John Hopkins University Press, Baltimore.",Culicidae,Aedes,abserratus,,AEDABS,1,44
AEDALO,Aedes aloponotum,20,Culicinae,Aedini,Ochlerotatus,Aedes (Ochlerotatus) aloponotum ,"Dyar, 1917",species,isbn: 9781421438146,"Wilkerson, R. C., Linton, Y.-M. and Strickman, D. 2021. Mosquitoes of the World. John Hopkins University Press, Baltimore.",Culicidae,Aedes,aloponotum,,AEDALO,1,45
AEDATA,Aedes atactavittatus,20,Culicinae,Aedini,Ochlerotatus,Aedes (Ochlerotatus) atactavittatus ,"Arnell, 1976",species,isbn: 9781421438146,"Wilkerson, R. C., Linton, Y.-M. and Strickman, D. 2021. Mosquitoes of the World. John Hopkins University Press, Baltimore.",Culicidae,Aedes,atactavittatus,,AEDATA,1,46
AEDATL,Aedes atlanticus,20,Culicinae,Aedini,Ochlerotatus,Aedes (Ochlerotatus) atlanticus ,"Dyar and Knab, 1906",species,isbn: 9781421438146,"Wilkerson, R. C., Linton, Y.-M. and Strickman, D. 2021. Mosquitoes of the World. John Hopkins University Press, Baltimore.",Culicidae,Aedes,atlanticus,,AEDATL,1,47
AEDAUR,Aedes aurifer,20,Culicinae,Aedini,Ochlerotatus,Aedes (Ochlerotatus) aurifer ,"(Coquillett, 1903)",species,isbn: 9781421438146,"Wilkerson, R. C., Linton, Y.-M. and Strickman, D. 2021. Mosquitoes of the World. John Hopkins University Press, Baltimore.",Culicidae,Aedes,aurifer,,AEDAUR,1,48
AEDBIM,Aedes bimaculatus,20,Culicinae,Aedini,Ochlerotatus,Aedes (Ochlerotatus) bimaculatus ,"(Coquillett, 1902)",species,isbn: 9781421438146,"Wilkerson, R. C., Linton, Y.-M. and Strickman, D. 2021. Mosquitoes of the World. John Hopkins University Press, Baltimore.",Culicidae,Aedes,bimaculatus,,AEDBIM,1,49
AEDCAM,Aedes campestris,20,Culicinae,Aedini,Ochlerotatus,Aedes (Ochlerotatus) campestris ,"Dyar and Knab, 1907",species,isbn: 9781421438146,"Wilkerson, R. C., Linton, Y.-M. and Strickman, D. 2021. Mosquitoes of the World. John Hopkins University Press, Baltimore.",Culicidae,Aedes,campestris,,AEDCAM,1,50
AEDCAN2,Aedes canadensis,20,Culicinae,Aedini,Ochlerotatus,Aedes (Ochlerotatus) canadensis ,"(Theobald, 1901)",species,isbn: 9781421438146,"Wilkerson, R. C., Linton, Y.-M. and Strickman, D. 2021. Mosquitoes of the World. John Hopkins University Press, Baltimore.",Culicidae,Aedes,canadensis,,AEDCAN2,1,51
AEDCAN1,Aedes cantator,20,Culicinae,Aedini,Ochlerotatus,Aedes (Ochlerotatus) cantator ,"(Coquillett, 1903)",species,isbn: 9781421438146,"Wilkerson, R. C., Linton, Y.-M. and Strickman, D. 2021. Mosquitoes of the World. John Hopkins University Press, Baltimore.",Culicidae,Aedes,cantator,,AEDCAN1,1,52
AEDCAS1,Aedes caspius caspius,20,Culicinae,Aedini,Ochlerotatus,Aedes (Ochlerotatus) caspius caspius,"(Pallas, 1771)",subspecies,isbn: 9781421438146,"Wilkerson, R. C., Linton, Y.-M. and Strickman, D. 2021. Mosquitoes of the World. John Hopkins University Press, Baltimore.",Culicidae,Aedes,caspius,caspius,AEDCAS1,1,53
AEDCAS,Aedes caspius,20,Culicinae,Aedini,Ochlerotatus,Aedes (Ochlerotatus) caspius ,"(Pallas, 1771)",species,isbn: 9781421438146,"Wilkerson, R. C., Linton, Y.-M. and Strickman, D. 2021. Mosquitoes of the World. John Hopkins University Press, Baltimore.",Culicidae,Aedes,caspius,,AEDCAS,1,54
AEDCAT,Aedes cataphylla,20,Culicinae,Aedini,Ochlerotatus,Aedes (Ochlerotatus) cataphylla ,"Dyar, 1916",species,isbn: 9781421438146,"Wilkerson, R. C., Linton, Y.-M. and Strickman, D. 2021. Mosquitoes of the World. John Hopkins University Press, Baltimore.",Culicidae,Aedes,cataphylla,,AEDCAT,1,55
AEDCLI,Aedes clivis,20,Culicinae,Aedini,Ochlerotatus,Aedes (Ochlerotatus) clivis ,"Lanzaro and Eldridge, 1992",species,isbn: 9781421438146,"Wilkerson, R. C., Linton, Y.-M. and Strickman, D. 2021. Mosquitoes of the World. John Hopkins University Press, Baltimore.",Culicidae,Aedes,clivis,,AEDCLI,1,56
AEDCOM,Aedes communis,20,Culicinae,Aedini,Ochlerotatus,Aedes (Ochlerotatus) communis ,"(de Geer, 1776)",species,isbn: 9781421438146,"Wilkerson, R. C., Linton, Y.-M. and Strickman, D. 2021. Mosquitoes of the World. John Hopkins University Press, Baltimore.",Culicidae,Aedes,communis,,AEDCOM,1,57
AEDCON,Aedes condolescens,20,Culicinae,Aedini,Ochlerotatus,Aedes (Ochlerotatus) condolescens ,"Dyar and Knab, 1907",species,isbn: 9781421438146,"Wilkerson, R. C., Linton, Y.-M. and Strickman, D. 2021. Mosquitoes of the World. John Hopkins University Press, Baltimore.",Culicidae,Aedes,condolescens,,AEDCON,1,58
AEDDAH,Aedes dahlae,20,Culicinae,Aedini,Ochlerotatus,Aedes (Ochlerotatus) dahlae ,"(Nielsen, 2009)",species,isbn: 9781421438146,"Wilkerson, R. C., Linton, Y.-M. and Strickman, D. 2021. Mosquitoes of the World. John Hopkins University Press, Baltimore.",Culicidae,Aedes,dahlae,,AEDDAH,1,59
AEDDEC,Aedes decticus,20,Culicinae,Aedini,Ochlerotatus,Aedes (Ochlerotatus) decticus ,"Howard, Dyar and Knab, 1917",species,isbn: 9781421438146,"Wilkerson, R. C., Linton, Y.-M. and Strickman, D. 2021. Mosquitoes of the World. John Hopkins University Press, Baltimore.",Culicidae,Aedes,decticus,,AEDDEC,1,60
AEDDET,Aedes detritus,20,Culicinae,Aedini,Ochlerotatus,Aedes (Ochlerotatus) detritus ,"Haliday, 1833",species,isbn: 9781421438146,"Wilkerson, R. C., Linton, Y.-M. and Strickman, D. 2021. Mosquitoes of the World. John Hopkins University Press, Baltimore.",Culicidae,Aedes,detritus,,AEDDET,1,61
AEDDIA,Aedes diantaeus,20,Culicinae,Aedini,Ochlerotatus,Aedes (Ochlerotatus) diantaeus ,"Howard, Dyar and Knab, 1913",species,isbn: 9781421438146,"Wilkerson, R. C., Linton, Y.-M. and Strickman, D. 2021. Mosquitoes of the World. John Hopkins University Press, Baltimore.",Culicidae,Aedes,diantaeus,,AEDDIA,1,62
AEDDOR,Aedes dorsalis,20,Culicinae,Aedini,Ochlerotatus,Aedes (Ochlerotatus) dorsalis ,"(Meigen, 1830)",species,isbn: 9781421438146,"Wilkerson, R. C., Linton, Y.-M. and Strickman, D. 2021. Mosquitoes of the World. John Hopkins University Press, Baltimore.",Culicidae,Aedes,dorsalis,,AEDDOR,1,63
AEDDUP,Aedes dupreei,20,Culicinae,Aedini,Ochlerotatus,Aedes (Ochlerotatus) dupreei ,"(Coquillett, 1904)",species,isbn: 9781421438146,"Wilkerson, R. C., Linton, Y.-M. and Strickman, D. 2021. Mosquitoes of the World. John Hopkins University Press, Baltimore.",Culicidae,Aedes,dupreei,,AEDDUP,1,64
AEDEUE,Aedes euedes,20,Culicinae,Aedini,Ochlerotatus,Aedes (Ochlerotatus) euedes ,"Howard, Dyar and Knab, 1913",species,isbn: 9781421438146,"Wilkerson, R. C., Linton, Y.-M. and Strickman, D. 2021. Mosquitoes of the World. John Hopkins University Press, Baltimore.",Culicidae,Aedes,euedes,,AEDEUE,1,65
AEDEXC,Aedes excrucians,20,Culicinae,Aedini,Ochlerotatus,Aedes (Ochlerotatus) excrucians ,"(Walker, 1856)",species,isbn: 9781421438146,"Wilkerson, R. C., Linton, Y.-M. and Strickman, D. 2021. Mosquitoes of the World. John Hopkins University Press, Baltimore.",Culicidae,Aedes,excrucians,,AEDEXC,1,66
AEDFIT,Aedes fitchii,20,Culicinae,Aedini,Ochlerotatus,Aedes (Ochlerotatus) fitchii ,"(Felt and Young, 1904)",species,isbn: 9781421438146,"Wilkerson, R. C., Linton, Y.-M. and Strickman, D. 2021. Mosquitoes of the World. John Hopkins University Press, Baltimore.",Culicidae,Aedes,fitchii,,AEDFIT,1,67
AEDFLA,Aedes flavescens,20,Culicinae,Aedini,Ochlerotatus,Aedes (Ochlerotatus) flavescens ,"(MÃ¼ller, 1764)",species,isbn: 9781421438146,"Wilkerson, R. C., Linton, Y.-M. and Strickman, D. 2021. Mosquitoes of the World. John Hopkins University Press, Baltimore.",Culicidae,Aedes,flavescens,,AEDFLA,1,68
AEDFUL2,Aedes fulvus fulvus,20,Culicinae,Aedini,Ochlerotatus,Aedes (Ochlerotatus) fulvus fulvus,"(Wiedemann, 1828)",subspecies,isbn: 9781421438146,"Wilkerson, R. C., Linton, Y.-M. and Strickman, D. 2021. Mosquitoes of the World. John Hopkins University Press, Baltimore.",Culicidae,Aedes,fulvus,fulvus,AEDFUL2,1,69
AEDFUL1,Aedes fulvus,20,Culicinae,Aedini,Ochlerotatus,Aedes (Ochlerotatus) fulvus ,"(Wiedemann, 1828)",species,isbn: 9781421438146,"Wilkerson, R. C., Linton, Y.-M. and Strickman, D. 2021. Mosquitoes of the World. John Hopkins University Press, Baltimore.",Culicidae,Aedes,fulvus,,AEDFUL1,1,70
AEDGRO,Aedes grossbecki,20,Culicinae,Aedini,Ochlerotatus,Aedes (Ochlerotatus) grossbecki ,"Dyar and Knab, 1906",species,isbn: 9781421438146,"Wilkerson, R. C., Linton, Y.-M. and Strickman, D. 2021. Mosquitoes of the World. John Hopkins University Press, Baltimore.",Culicidae,Aedes,grossbecki,,AEDGRO,1,71
AEDHEX,Aedes hexodontus,20,Culicinae,Aedini,Ochlerotatus,Aedes (Ochlerotatus) hexodontus ,"Dyar, 1916",species,isbn: 9781421438146,"Wilkerson, R. C., Linton, Y.-M. and Strickman, D. 2021. Mosquitoes of the World. John Hopkins University Press, Baltimore.",Culicidae,Aedes,hexodontus,,AEDHEX,1,72
AEDIMP2,Aedes impiger impiger,21,Culicinae,Aedini,Ochlerotatus,Aedes (Ochlerotatus) impiger impiger,"(Walker, 1848)",subspecies,isbn: 9781421438146,"Wilkerson, R. C., Linton, Y.-M. and Strickman, D. 2021. Mosquitoes of the World. John Hopkins University Press, Baltimore.",Culicidae,Aedes,impiger,impiger,AEDIMP2,1,73
AEDIMP,Aedes impiger,21,Culicinae,Aedini,Ochlerotatus,Aedes (Ochlerotatus) impiger ,"(Walker, 1848)",species,isbn: 9781421438146,"Wilkerson, R. C., Linton, Y.-M. and Strickman, D. 2021. Mosquitoes of the World. John Hopkins University Press, Baltimore.",Culicidae,Aedes,impiger,,AEDIMP,1,74
AEDIMP1,Aedes implicatus,21,Culicinae,Aedini,Ochlerotatus,Aedes (Ochlerotatus) implicatus ,"Vockeroth, 1954",species,isbn: 9781421438146,"Wilkerson, R. C., Linton, Y.-M. and Strickman, D. 2021. Mosquitoes of the World. John Hopkins University Press, Baltimore.",Culicidae,Aedes,implicatus,,AEDIMP1,1,75
AEDINC,Aedes increpitus,21,Culicinae,Aedini,Ochlerotatus,Aedes (Ochlerotatus) increpitus ,"Dyar, 1916",species,isbn: 9781421438146,"Wilkerson, R. C., Linton, Y.-M. and Strickman, D. 2021. Mosquitoes of the World. John Hopkins University Press, Baltimore.",Culicidae,Aedes,increpitus,,AEDINC,1,76
AEDINF,Aedes infirmatus,21,Culicinae,Aedini,Ochlerotatus,Aedes (Ochlerotatus) infirmatus ,"Dyar and Knab, 1906",species,isbn: 9781421438146,"Wilkerson, R. C., Linton, Y.-M. and Strickman, D. 2021. Mosquitoes of the World. John Hopkins University Press, Baltimore.",Culicidae,Aedes,infirmatus,,AEDINF,1,77
AEDINT,Aedes intrudens,21,Culicinae,Aedini,Ochlerotatus,Aedes (Ochlerotatus) intrudens ,"Dyar, 1919",species,isbn: 9781421438146,"Wilkerson, R. C., Linton, Y.-M. and Strickman, D. 2021. Mosquitoes of the World. John Hopkins University Press, Baltimore.",Culicidae,Aedes,intrudens,,AEDINT,1,78
AEDMEL,Aedes melanimon,21,Culicinae,Aedini,Ochlerotatus,Aedes (Ochlerotatus) melanimon ,"Dyar, 1924",species,isbn: 9781421438146,"Wilkerson, R. C., Linton, Y.-M. and Strickman, D. 2021. Mosquitoes of the World. John Hopkins University Press, Baltimore.",Culicidae,Aedes,melanimon,,AEDMEL,1,79
AEDMER,Aedes mercurator,21,Culicinae,Aedini,Ochlerotatus,Aedes (Ochlerotatus) mercurator ,"Dyar, 1920",species,isbn: 9781421438146,"Wilkerson, R. C., Linton, Y.-M. and Strickman, D. 2021. Mosquitoes of the World. John Hopkins University Press, Baltimore.",Culicidae,Aedes,mercurator,,AEDMER,1,80
AEDMIT,Aedes mitchellae,21,Culicinae,Aedini,Ochlerotatus,Aedes (Ochlerotatus) mitchellae ,"(Dyar, 1905)",species,isbn: 9781421438146,"Wilkerson, R. C., Linton, Y.-M. and Strickman, D. 2021. Mosquitoes of the World. John Hopkins University Press, Baltimore.",Culicidae,Aedes,mitchellae,,AEDMIT,1,81
AEDNEV,Aedes nevadensis,21,Culicinae,Aedini,Ochlerotatus,Aedes (Ochlerotatus) nevadensis ,"Chapman and Barr, 1964",species,isbn: 9781421438146,"Wilkerson, R. C., Linton, Y.-M. and Strickman, D. 2021. Mosquitoes of the World. John Hopkins University Press, Baltimore.",Culicidae,Aedes,nevadensis,,AEDNEV,1,82
AEDNIG1,Aedes nigripes,21,Culicinae,Aedini,Ochlerotatus,Aedes (Ochlerotatus) nigripes ,"(Zetterstedt, 1838)",species,isbn: 9781421438146,"Wilkerson, R. C., Linton, Y.-M. and Strickman, D. 2021. Mosquitoes of the World. John Hopkins University Press, Baltimore.",Culicidae,Aedes,nigripes,,AEDNIG1,1,83
AEDNIG,Aedes nigromaculis,21,Culicinae,Aedini,Ochlerotatus,Aedes (Ochlerotatus) nigromaculis ,"(Ludlow, 1906)",species,isbn: 9781421438146,"Wilkerson, R. C., Linton, Y.-M. and Strickman, D. 2021. Mosquitoes of the World. John Hopkins University Press, Baltimore.",Culicidae,Aedes,nigromaculis,,AEDNIG,1,84
AEDNIP,Aedes niphadopsis,21,Culicinae,Aedini,Ochlerotatus,Aedes (Ochlerotatus) niphadopsis ,"Dyar and Knab, 1918",species,isbn: 9781421438146,"Wilkerson, R. C., Linton, Y.-M. and Strickman, D. 2021. Mosquitoes of the World. John Hopkins University Press, Baltimore.",Culicidae,Aedes,niphadopsis,,AEDNIP,1,85
AEDOBT,Aedes obturbator,21,Culicinae,Aedini,Ochlerotatus,Aedes (Ochlerotatus) obturbator ,"Dyar and Knab, 1907",species,isbn: 9781421438146,"Wilkerson, R. C., Linton, Y.-M. and Strickman, D. 2021. Mosquitoes of the World. John Hopkins University Press, Baltimore.",Culicidae,Aedes,obturbator,,AEDOBT,1,86
AEDPER,Aedes pertinax,21,Culicinae,Aedini,Ochlerotatus,Aedes (Ochlerotatus) pertinax ,"Grabham, 1906",species,isbn: 9781421438146,"Wilkerson, R. C., Linton, Y.-M. and Strickman, D. 2021. Mosquitoes of the World. John Hopkins University Press, Baltimore.",Culicidae,Aedes,pertinax,,AEDPER,1,87
AEDPIO,Aedes pionips,21,Culicinae,Aedini,Ochlerotatus,Aedes (Ochlerotatus) pionips ,"Dyar, 1919",species,isbn: 9781421438146,"Wilkerson, R. C., Linton, Y.-M. and Strickman, D. 2021. Mosquitoes of the World. John Hopkins University Press, Baltimore.",Culicidae,Aedes,pionips,,AEDPIO,1,88
AEDPUL,Aedes pullatus,21,Culicinae,Aedini,Ochlerotatus,Aedes (Ochlerotatus) pullatus ,"(Coquillett, 1904)",species,isbn: 9781421438146,"Wilkerson, R. C., Linton, Y.-M. and Strickman, D. 2021. Mosquitoes of the World. John Hopkins University Press, Baltimore.",Culicidae,Aedes,pullatus,,AEDPUL,1,89
AEDPUN1,Aedes punctodes,21,Culicinae,Aedini,Ochlerotatus,Aedes (Ochlerotatus) punctodes ,"Dyar, 1922",species,isbn: 9781421438146,"Wilkerson, R. C., Linton, Y.-M. and Strickman, D. 2021. Mosquitoes of the World. John Hopkins University Press, Baltimore.",Culicidae,Aedes,punctodes,,AEDPUN1,1,90
AEDPUN,Aedes punctor,21,Culicinae,Aedini,Ochlerotatus,Aedes (Ochlerotatus) punctor ,"(Kirby, 1837)",species,isbn: 9781421438146,"Wilkerson, R. C., Linton, Y.-M. and Strickman, D. 2021. Mosquitoes of the World. John Hopkins University Press, Baltimore.",Culicidae,Aedes,punctor,,AEDPUN,1,91
AEDRIP,Aedes riparius,21,Culicinae,Aedini,Ochlerotatus,Aedes (Ochlerotatus) riparius ,"Dyar and Knab, 1907",species,isbn: 9781421438146,"Wilkerson, R. C., Linton, Y.-M. and Strickman, D. 2021. Mosquitoes of the World. John Hopkins University Press, Baltimore.",Culicidae,Aedes,riparius,,AEDRIP,1,92
AEDSCA,Aedes scapularis,21,Culicinae,Aedini,Ochlerotatus,Aedes (Ochlerotatus) scapularis ,"(Rondani, 1848)",species,isbn: 9781421438146,"Wilkerson, R. C., Linton, Y.-M. and Strickman, D. 2021. Mosquitoes of the World. John Hopkins University Press, Baltimore.",Culicidae,Aedes,scapularis,,AEDSCA,1,93
AEDSCH,Aedes schizopinax,21,Culicinae,Aedini,Ochlerotatus,Aedes (Ochlerotatus) schizopinax ,"Dyar, 1929",species,isbn: 9781421438146,"Wilkerson, R. C., Linton, Y.-M. and Strickman, D. 2021. Mosquitoes of the World. John Hopkins University Press, Baltimore.",Culicidae,Aedes,schizopinax,,AEDSCH,1,94
AEDSER,Aedes serratus,21,Culicinae,Aedini,Ochlerotatus,Aedes (Ochlerotatus) serratus ,"(Theobald, 1901)",species,isbn: 9781421438146,"Wilkerson, R. C., Linton, Y.-M. and Strickman, D. 2021. Mosquitoes of the World. John Hopkins University Press, Baltimore.",Culicidae,Aedes,serratus,,AEDSER,1,95
AEDSOL,Aedes sollicitans,21,Culicinae,Aedini,Ochlerotatus,Aedes (Ochlerotatus) sollicitans ,"(Walker, 1856)",species,isbn: 9781421438146,"Wilkerson, R. C., Linton, Y.-M. and Strickman, D. 2021. Mosquitoes of the World. John Hopkins University Press, Baltimore.",Culicidae,Aedes,sollicitans,,AEDSOL,1,96
AEDSPE,Aedes spencerii,21,Culicinae,Aedini,Ochlerotatus,Aedes (Ochlerotatus) spencerii ,"(Theobald, 1901)",species,isbn: 9781421438146,"Wilkerson, R. C., Linton, Y.-M. and Strickman, D. 2021. Mosquitoes of the World. John Hopkins University Press, Baltimore.",Culicidae,Aedes,spencerii,,AEDSPE,1,97
AEDSQU,Aedes squamiger,21,Culicinae,Aedini,Ochlerotatus,Aedes (Ochlerotatus) squamiger ,"(Coquillett, 1902)",species,isbn: 9781421438146,"Wilkerson, R. C., Linton, Y.-M. and Strickman, D. 2021. Mosquitoes of the World. John Hopkins University Press, Baltimore.",Culicidae,Aedes,squamiger,,AEDSQU,1,98
AEDSTI,Aedes sticticus,21,Culicinae,Aedini,Ochlerotatus,Aedes (Ochlerotatus) sticticus ,"(Meigen, 1838)",species,isbn: 9781421438146,"Wilkerson, R. C., Linton, Y.-M. and Strickman, D. 2021. Mosquitoes of the World. John Hopkins University Press, Baltimore.",Culicidae,Aedes,sticticus,,AEDSTI,1,99
AEDSTI1,Aedes stimulans,21,Culicinae,Aedini,Ochlerotatus,Aedes (Ochlerotatus) stimulans ,"(Walker, 1848)",species,isbn: 9781421438146,"Wilkerson, R. C., Linton, Y.-M. and Strickman, D. 2021. Mosquitoes of the World. John Hopkins University Press, Baltimore.",Culicidae,Aedes,stimulans,,AEDSTI1,1,100
AEDTAE,Aedes taeniorhynchus,21,Culicinae,Aedini,Ochlerotatus,Aedes (Ochlerotatus) taeniorhynchus ,"(Wiedemann, 1821)",species,isbn: 9781421438146,"Wilkerson, R. C., Linton, Y.-M. and Strickman, D. 2021. Mosquitoes of the World. John Hopkins University Press, Baltimore.",Culicidae,Aedes,taeniorhynchus,,AEDTAE,1,101
AEDTAH,Aedes tahoensis,21,Culicinae,Aedini,Ochlerotatus,Aedes (Ochlerotatus) tahoensis ,"Dyar, 1916",species,isbn: 9781421438146,"Wilkerson, R. C., Linton, Y.-M. and Strickman, D. 2021. Mosquitoes of the World. John Hopkins University Press, Baltimore.",Culicidae,Aedes,tahoensis,,AEDTAH,1,102
AEDTHE,Aedes thelcter,21,Culicinae,Aedini,Ochlerotatus,Aedes (Ochlerotatus) thelcter ,"Dyar, 1918",species,isbn: 9781421438146,"Wilkerson, R. C., Linton, Y.-M. and Strickman, D. 2021. Mosquitoes of the World. John Hopkins University Press, Baltimore.",Culicidae,Aedes,thelcter,,AEDTHE,1,103
AEDTHI,Aedes thibaulti,21,Culicinae,Aedini,Ochlerotatus,Aedes (Ochlerotatus) thibaulti ,"Dyar and Knab, 1910",species,isbn: 9781421438146,"Wilkerson, R. C., Linton, Y.-M. and Strickman, D. 2021. Mosquitoes of the World. John Hopkins University Press, Baltimore.",Culicidae,Aedes,thibaulti,,AEDTHI,1,104
AEDTOR,Aedes tormentor,21,Culicinae,Aedini,Ochlerotatus,Aedes (Ochlerotatus) tormentor ,"Dyar and Knab, 1906",species,isbn: 9781421438146,"Wilkerson, R. C., Linton, Y.-M. and Strickman, D. 2021. Mosquitoes of the World. John Hopkins University Press, Baltimore.",Culicidae,Aedes,tormentor,,AEDTOR,1,105
AEDTOR1,Aedes tortilis,21,Culicinae,Aedini,Ochlerotatus,Aedes (Ochlerotatus) tortilis ,"(Theobald, 1903)",species,isbn: 9781421438146,"Wilkerson, R. C., Linton, Y.-M. and Strickman, D. 2021. Mosquitoes of the World. John Hopkins University Press, Baltimore.",Culicidae,Aedes,tortilis,,AEDTOR1,1,106
AEDTRI,Aedes trivittatus,22,Culicinae,Aedini,Ochlerotatus,Aedes (Ochlerotatus) trivittatus ,"(Coquillett, 1902)",species,isbn: 9781421438146,"Wilkerson, R. C., Linton, Y.-M. and Strickman, D. 2021. Mosquitoes of the World. John Hopkins University Press, Baltimore.",Culicidae,Aedes,trivittatus,,AEDTRI,1,107
AEDVEN,Aedes ventrovittis,22,Culicinae,Aedini,Ochlerotatus,Aedes (Ochlerotatus) ventrovittis ,"Dyar, 1916",species,isbn: 9781421438146,"Wilkerson, R. C., Linton, Y.-M. and Strickman, D. 2021. Mosquitoes of the World. John Hopkins University Press, Baltimore.",Culicidae,Aedes,ventrovittis,,AEDVEN,1,108
AEDWAS,Aedes washinoi,22,Culicinae,Aedini,Ochlerotatus,Aedes (Ochlerotatus) washinoi ,"Lanzaro and Eldridge, 1992",species,isbn: 9781421438146,"Wilkerson, R. C., Linton, Y.-M. and Strickman, D. 2021. Mosquitoes of the World. John Hopkins University Press, Baltimore.",Culicidae,Aedes,washinoi,,AEDWAS,1,109
AEDBRE,Aedes brelandi,22,Culicinae,Aedini,Protomacleaya,Aedes (Protomacleaya) brelandi ,"Zavortink, 1972",species,isbn: 9781421438146,"Wilkerson, R. C., Linton, Y.-M. and Strickman, D. 2021. Mosquitoes of the World. John Hopkins University Press, Baltimore.",Culicidae,Aedes,brelandi,,AEDBRE,1,110
AEDBUR,Aedes burgeri,22,Culicinae,Aedini,Protomacleaya,Aedes (Protomacleaya) burgeri ,"Zavortink, 1972",species,isbn: 9781421438146,"Wilkerson, R. C., Linton, Y.-M. and Strickman, D. 2021. Mosquitoes of the World. John Hopkins University Press, Baltimore.",Culicidae,Aedes,burgeri,,AEDBUR,1,111
AEDHEN,Aedes hendersoni,22,Culicinae,Aedini,Protomacleaya,Aedes (Protomacleaya) hendersoni ,"Cockerell, 1918",species,isbn: 9781421438146,"Wilkerson, R. C., Linton, Y.-M. and Strickman, D. 2021. Mosquitoes of the World. John Hopkins University Press, Baltimore.",Culicidae,Aedes,hendersoni,,AEDHEN,1,112
AEDKOM,Aedes kompi,22,Culicinae,Aedini,Protomacleaya,Aedes (Protomacleaya) kompi ,"Vargas and Downs, 1950",species,isbn: 9781421438146,"Wilkerson, R. C., Linton, Y.-M. and Strickman, D. 2021. Mosquitoes of the World. John Hopkins University Press, Baltimore.",Culicidae,Aedes,kompi,,AEDKOM,1,113
AEDTRI1,Aedes triseriatus,22,Culicinae,Aedini,Protomacleaya,Aedes (Protomacleaya) triseriatus ,"(Say, 1823)",species,isbn: 9781421438146,"Wilkerson, R. C., Linton, Y.-M. and Strickman, D. 2021. Mosquitoes of the World. John Hopkins University Press, Baltimore.",Culicidae,Aedes,triseriatus,,AEDTRI1,1,114
AEDZOO,Aedes zoosophus,22,Culicinae,Aedini,Protomacleaya,Aedes (Protomacleaya) zoosophus ,"Dyar and Knab, 1918",species,isbn: 9781421438146,"Wilkerson, R. C., Linton, Y.-M. and Strickman, D. 2021. Mosquitoes of the World. John Hopkins University Press, Baltimore.",Culicidae,Aedes,zoosophus,,AEDZOO,1,115
AEDNOT,Aedes notoscriptus,22,Culicinae,Aedini,Rampamyia,Aedes (Rampamyia) notoscriptus ,"(Skuse, 1889)",species,isbn: 9781421438146,"Wilkerson, R. C., Linton, Y.-M. and Strickman, D. 2021. Mosquitoes of the World. John Hopkins University Press, Baltimore.",Culicidae,Aedes,notoscriptus,,AEDNOT,1,116
AEDBIC,Aedes bicristatus,22,Culicinae,Aedini,Rusticoidus,Aedes (Rusticoidus) bicristatus ,"Thurman and Winkler, 1950",species,isbn: 9781421438146,"Wilkerson, R. C., Linton, Y.-M. and Strickman, D. 2021. Mosquitoes of the World. John Hopkins University Press, Baltimore.",Culicidae,Aedes,bicristatus,,AEDBIC,1,117
AEDPRO,Aedes provocans,22,Culicinae,Aedini,Rusticoidus,Aedes (Rusticoidus) provocans ,"(Walker, 1848)",species,isbn: 9781421438146,"Wilkerson, R. C., Linton, Y.-M. and Strickman, D. 2021. Mosquitoes of the World. John Hopkins University Press, Baltimore.",Culicidae,Aedes,provocans,,AEDPRO,1,118
AEDAEG1,Aedes aegypti aegypti,22,Culicinae,Aedini,Stegomyia,Aedes (Stegomyia) aegypti aegypti,"(Linnaeus, 1762)",subspecies,isbn: 9781421438146,"Wilkerson, R. C., Linton, Y.-M. and Strickman, D. 2021. Mosquitoes of the World. John Hopkins University Press, Baltimore.",Culicidae,Aedes,aegypti,aegypti,AEDAEG1,1,119
AEDAEG2,Aedes aegypti formosus,22,Culicinae,Aedini,Stegomyia,Aedes (Stegomyia) aegypti formosus,"(Walker, 1848)",subspecies,isbn: 9781421438146,"Wilkerson, R. C., Linton, Y.-M. and Strickman, D. 2021. Mosquitoes of the World. John Hopkins University Press, Baltimore.",Culicidae,Aedes,aegypti,formosus,AEDAEG2,1,120
AEDAEG,Aedes aegypti,22,Culicinae,Aedini,Stegomyia,Aedes (Stegomyia) aegypti ,"(Linnaeus, 1762)",species,isbn: 9781421438146,"Wilkerson, R. C., Linton, Y.-M. and Strickman, D. 2021. Mosquitoes of the World. John Hopkins University Press, Baltimore.",Culicidae,Aedes,aegypti,,AEDAEG,1,121
AEDALB,Aedes albopictus,22,Culicinae,Aedini,Stegomyia,Aedes (Stegomyia) albopictus ,"(Skuse, 1895)",species,isbn: 9781421438146,"Wilkerson, R. C., Linton, Y.-M. and Strickman, D. 2021. Mosquitoes of the World. John Hopkins University Press, Baltimore.",Culicidae,Aedes,albopictus,,AEDALB,1,122
AEDTOG,Aedes togoi,22,Culicinae,Aedini,Tanakaius,Aedes (Tanakaius) togoi ,"(Theobald, 1907)",species,isbn: 9781421438146,"Wilkerson, R. C., Linton, Y.-M. and Strickman, D. 2021. Mosquitoes of the World. John Hopkins University Press, Baltimore.",Culicidae,Aedes,togoi,,AEDTOG,1,123
AEDCAN3,Aedes canadensis canadensis,22,Culicinae,Aedini,incertae sedis,Aedes () canadensis canadensis,"(Theobald, 1901)",subspecies,isbn: 9781421438146,"Wilkerson, R. C., Linton, Y.-M. and Strickman, D. 2021. Mosquitoes of the World. John Hopkins University Press, Baltimore.",Culicidae,Aedes,canadensis,canadensis,AEDCAN3,1,124
AEDCAN,Aedes canadensis mathesoni,22,Culicinae,Aedini,incertae sedis,Aedes () canadensis mathesoni,"Middlekauff, 1944",subspecies,isbn: 9781421438146,"Wilkerson, R. C., Linton, Y.-M. and Strickman, D. 2021. Mosquitoes of the World. John Hopkins University Press, Baltimore.",Culicidae,Aedes,canadensis,mathesoni,AEDCAN,1,125
AEDFUL,Aedes fulvus pallens,22,Culicinae,Aedini,incertae sedis,Aedes () fulvus pallens,"Ross, 1943",subspecies,isbn: 9781421438146,"Wilkerson, R. C., Linton, Y.-M. and Strickman, D. 2021. Mosquitoes of the World. John Hopkins University Press, Baltimore.",Culicidae,Aedes,fulvus,pallens,AEDFUL,1,126
AEDSPE2,Aedes spencerii idahoensis,22,Culicinae,Aedini,incertae sedis,Aedes () spencerii idahoensis,"(Theobald, 1903)",subspecies,isbn: 9781421438146,"Wilkerson, R. C., Linton, Y.-M. and Strickman, D. 2021. Mosquitoes of the World. John Hopkins University Press, Baltimore.",Culicidae,Aedes,spencerii,idahoensis,AEDSPE2,1,127
AEDSPE1,Aedes spencerii spencerii,22,Culicinae,Aedini,incertae sedis,Aedes () spencerii spencerii,"(Theobald, 1901)",subspecies,isbn: 9781421438146,"Wilkerson, R. C., Linton, Y.-M. and Strickman, D. 2021. Mosquitoes of the World. John Hopkins University Press, Baltimore.",Culicidae,Aedes,spencerii,spencerii,AEDSPE1,1,128
HAEEQU,Haemagogus equinus,22,Culicinae,Aedini,Haemagogus,Haemagogus (Haemagogus) equinus ,"Theobald, 1903",species,isbn: 9781421438146,"Wilkerson, R. C., Linton, Y.-M. and Strickman, D. 2021. Mosquitoes of the World. John Hopkins University Press, Baltimore.",Culicidae,Haemagogus,equinus,,HAEEQU,1,129
PSOCOL,Psorophora columbiae,22,Culicinae,Aedini,Grabhamia,Psorophora (Grabhamia) columbiae ,"(Dyar and Knab, 1906)",species,isbn: 9781421438146,"Wilkerson, R. C., Linton, Y.-M. and Strickman, D. 2021. Mosquitoes of the World. John Hopkins University Press, Baltimore.",Culicidae,Psorophora,columbiae,,PSOCOL,1,130
PSOCON,Psorophora confinnis,22,Culicinae,Aedini,Grabhamia,Psorophora (Grabhamia) confinnis ,"(Lynch Arribalzaga, 1891)",species,isbn: 9781421438146,"Wilkerson, R. C., Linton, Y.-M. and Strickman, D. 2021. Mosquitoes of the World. John Hopkins University Press, Baltimore.",Culicidae,Psorophora,confinnis,,PSOCON,1,131
PSODIS,Psorophora discolor,22,Culicinae,Aedini,Grabhamia,Psorophora (Grabhamia) discolor ,"(Coquillett, 1903)",species,isbn: 9781421438146,"Wilkerson, R. C., Linton, Y.-M. and Strickman, D. 2021. Mosquitoes of the World. John Hopkins University Press, Baltimore.",Culicidae,Psorophora,discolor,,PSODIS,1,132
PSOINF,Psorophora infinis,22,Culicinae,Aedini,Grabhamia,Psorophora (Grabhamia) infinis ,"(Dyar and Knab, 1906)",species,isbn: 9781421438146,"Wilkerson, R. C., Linton, Y.-M. and Strickman, D. 2021. Mosquitoes of the World. John Hopkins University Press, Baltimore.",Culicidae,Psorophora,infinis,,PSOINF,1,133
PSOINS,Psorophora insularius,22,Culicinae,Aedini,Grabhamia,Psorophora (Grabhamia) insularius ,"(Dyar and Knab, 1906)",species,isbn: 9781421438146,"Wilkerson, R. C., Linton, Y.-M. and Strickman, D. 2021. Mosquitoes of the World. John Hopkins University Press, Baltimore.",Culicidae,Psorophora,insularius,,PSOINS,1,134
PSOJAM,Psorophora jamaicensis,22,Culicinae,Aedini,Grabhamia,Psorophora (Grabhamia) jamaicensis ,"(Theobald, 1901)",species,isbn: 9781421438146,"Wilkerson, R. C., Linton, Y.-M. and Strickman, D. 2021. Mosquitoes of the World. John Hopkins University Press, Baltimore.",Culicidae,Psorophora,jamaicensis,,PSOJAM,1,135
PSOPYG,Psorophora pygmaea,22,Culicinae,Aedini,Grabhamia,Psorophora (Grabhamia) pygmaea ,"(Theobald, 1903)",species,isbn: 9781421438146,"Wilkerson, R. C., Linton, Y.-M. and Strickman, D. 2021. Mosquitoes of the World. John Hopkins University Press, Baltimore.",Culicidae,Psorophora,pygmaea,,PSOPYG,1,136
PSOSIG,Psorophora signipennis,22,Culicinae,Aedini,Grabhamia,Psorophora (Grabhamia) signipennis ,"(Coquillett, 1904)",species,isbn: 9781421438146,"Wilkerson, R. C., Linton, Y.-M. and Strickman, D. 2021. Mosquitoes of the World. John Hopkins University Press, Baltimore.",Culicidae,Psorophora,signipennis,,PSOSIG,1,137
PSOTOL,Psorophora tolteca,22,Culicinae,Aedini,Grabhamia,Psorophora (Grabhamia) tolteca ,"(Dyar and Knab, 1906)",species,isbn: 9781421438146,"Wilkerson, R. C., Linton, Y.-M. and Strickman, D. 2021. Mosquitoes of the World. John Hopkins University Press, Baltimore.",Culicidae,Psorophora,tolteca,,PSOTOL,1,138
PSOCYA,Psorophora cyanescens,22,Culicinae,Aedini,Janthinosoma,Psorophora (Janthinosoma) cyanescens ,"(Coquillett, 1902)",species,isbn: 9781421438146,"Wilkerson, R. C., Linton, Y.-M. and Strickman, D. 2021. Mosquitoes of the World. John Hopkins University Press, Baltimore.",Culicidae,Psorophora,cyanescens,,PSOCYA,1,139
PSOFER,Psorophora ferox,22,Culicinae,Aedini,Janthinosoma,Psorophora (Janthinosoma) ferox ,"(Humboldt, 1819)",species,isbn: 9781421438146,"Wilkerson, R. C., Linton, Y.-M. and Strickman, D. 2021. Mosquitoes of the World. John Hopkins University Press, Baltimore.",Culicidae,Psorophora,ferox,,PSOFER,1,140
PSOHOR,Psorophora horrida,22,Culicinae,Aedini,Janthinosoma,Psorophora (Janthinosoma) horrida ,"(Dyar and Knab, 1908)",species,isbn: 9781421438146,"Wilkerson, R. C., Linton, Y.-M. and Strickman, D. 2021. Mosquitoes of the World. John Hopkins University Press, Baltimore.",Culicidae,Psorophora,horrida,,PSOHOR,1,141
PSOJOH,Psorophora johnstonii,22,Culicinae,Aedini,Janthinosoma,Psorophora (Janthinosoma) johnstonii ,"(Grabham, 1905)",species,isbn: 9781421438146,"Wilkerson, R. C., Linton, Y.-M. and Strickman, D. 2021. Mosquitoes of the World. John Hopkins University Press, Baltimore.",Culicidae,Psorophora,johnstonii,,PSOJOH,1,142
PSOLON,Psorophora longipalpus,22,Culicinae,Aedini,Janthinosoma,Psorophora (Janthinosoma) longipalpus ,"Randolph and O'Neill, 1944",species,isbn: 9781421438146,"Wilkerson, R. C., Linton, Y.-M. and Strickman, D. 2021. Mosquitoes of the World. John Hopkins University Press, Baltimore.",Culicidae,Psorophora,longipalpus,,PSOLON,1,143
PSOMAT,Psorophora mathesoni,22,Culicinae,Aedini,Janthinosoma,Psorophora (Janthinosoma) mathesoni ,"Belkin and Heinemann, 1975",species,isbn: 9781421438146,"Wilkerson, R. C., Linton, Y.-M. and Strickman, D. 2021. Mosquitoes of the World. John Hopkins University Press, Baltimore.",Culicidae,Psorophora,mathesoni,,PSOMAT,1,144
PSOMEX,Psorophora mexicana,22,Culicinae,Aedini,Janthinosoma,Psorophora (Janthinosoma) mexicana ,"(Bellardi, 1859)",species,isbn: 9781421438146,"Wilkerson, R. C., Linton, Y.-M. and Strickman, D. 2021. Mosquitoes of the World. John Hopkins University Press, Baltimore.",Culicidae,Psorophora,mexicana,,PSOMEX,1,145
PSOVAR,Psorophora varipes,22,Culicinae,Aedini,Janthinosoma,Psorophora (Janthinosoma) varipes ,"(Coquillett, 1904)",species,isbn: 9781421438146,"Wilkerson, R. C., Linton, Y.-M. and Strickman, D. 2021. Mosquitoes of the World. John Hopkins University Press, Baltimore.",Culicidae,Psorophora,varipes,,PSOVAR,1,146
PSOCIL,Psorophora ciliata,22,Culicinae,Aedini,Psorophora,Psorophora (Psorophora) ciliata ,"(Fabricius, 1794)",species,isbn: 9781421438146,"Wilkerson, R. C., Linton, Y.-M. and Strickman, D. 2021. Mosquitoes of the World. John Hopkins University Press, Baltimore.",Culicidae,Psorophora,ciliata,,PSOCIL,1,147
PSOHOW,Psorophora howardii,22,Culicinae,Aedini,Psorophora,Psorophora (Psorophora) howardii ,"Coquillett, 1901",species,isbn: 9781421438146,"Wilkerson, R. C., Linton, Y.-M. and Strickman, D. 2021. Mosquitoes of the World. John Hopkins University Press, Baltimore.",Culicidae,Psorophora,howardii,,PSOHOW,1,148
CULCON3,Culex conservator,23,Culicinae,Culicini,Anoedioporpa,Culex (Anoedioporpa) conservator ,"Dyar and Knab, 1906",species,isbn: 9781421438146,"Wilkerson, R. C., Linton, Y.-M. and Strickman, D. 2021. Mosquitoes of the World. John Hopkins University Press, Baltimore.",Culicidae,Culex,conservator,,CULCON3,1,149
CULBAB,Culex babahoyensis,23,Culicinae,Culicini,Carrollia,Culex (Carrollia) babahoyensis ,"Levi-Castillo, 1953",species,isbn: 9781421438146,"Wilkerson, R. C., Linton, Y.-M. and Strickman, D. 2021. Mosquitoes of the World. John Hopkins University Press, Baltimore.",Culicidae,Culex,babahoyensis,,CULBAB,1,150
CULBAH,Culex bahamensis,23,Culicinae,Culicini,Culex,Culex (Culex) bahamensis ,"Dyar and Knab, 1906",species,isbn: 9781421438146,"Wilkerson, R. C., Linton, Y.-M. and Strickman, D. 2021. Mosquitoes of the World. John Hopkins University Press, Baltimore.",Culicidae,Culex,bahamensis,,CULBAH,1,151
CULCHI,Culex chidesteri,23,Culicinae,Culicini,Culex,Culex (Culex) chidesteri ,"Dyar, 1921",species,isbn: 9781421438146,"Wilkerson, R. C., Linton, Y.-M. and Strickman, D. 2021. Mosquitoes of the World. John Hopkins University Press, Baltimore.",Culicidae,Culex,chidesteri,,CULCHI,1,152
CULCOR,Culex coronator,23,Culicinae,Culicini,Culex,Culex (Culex) coronator ,"Dyar and Knab, 1906",species,isbn: 9781421438146,"Wilkerson, R. C., Linton, Y.-M. and Strickman, D. 2021. Mosquitoes of the World. John Hopkins University Press, Baltimore.",Culicidae,Culex,coronator,,CULCOR,1,153
CULDEC,Culex declarator,23,Culicinae,Culicini,Culex,Culex (Culex) declarator ,"Dyar and Knab, 1906",species,isbn: 9781421438146,"Wilkerson, R. C., Linton, Y.-M. and Strickman, D. 2021. Mosquitoes of the World. John Hopkins University Press, Baltimore.",Culicidae,Culex,declarator,,CULDEC,1,154
CULERY,Culex erythrothorax,23,Culicinae,Culicini,Culex,Culex (Culex) erythrothorax ,"Dyar, 1907",species,isbn: 9781421438146,"Wilkerson, R. C., Linton, Y.-M. and Strickman, D. 2021. Mosquitoes of the World. John Hopkins University Press, Baltimore.",Culicidae,Culex,erythrothorax,,CULERY,1,155
CULHAB,Culex habilitator,23,Culicinae,Culicini,Culex,Culex (Culex) habilitator ,"Dyar and Knab, 1906",species,isbn: 9781421438146,"Wilkerson, R. C., Linton, Y.-M. and Strickman, D. 2021. Mosquitoes of the World. John Hopkins University Press, Baltimore.",Culicidae,Culex,habilitator,,CULHAB,1,156
CULINT,Culex interrogator,23,Culicinae,Culicini,Culex,Culex (Culex) interrogator ,"Dyar and Knab, 1906",species,isbn: 9781421438146,"Wilkerson, R. C., Linton, Y.-M. and Strickman, D. 2021. Mosquitoes of the World. John Hopkins University Press, Baltimore.",Culicidae,Culex,interrogator,,CULINT,1,157
CULJAN,Culex janitor,23,Culicinae,Culicini,Culex,Culex (Culex) janitor ,"Theobald, 1903",species,isbn: 9781421438146,"Wilkerson, R. C., Linton, Y.-M. and Strickman, D. 2021. Mosquitoes of the World. John Hopkins University Press, Baltimore.",Culicidae,Culex,janitor,,CULJAN,1,158
CULMOL1,Culex mollis,23,Culicinae,Culicini,Culex,Culex (Culex) mollis ,"Dyar and Knab, 1906",species,isbn: 9781421438146,"Wilkerson, R. C., Linton, Y.-M. and Strickman, D. 2021. Mosquitoes of the World. John Hopkins University Press, Baltimore.",Culicidae,Culex,mollis,,CULMOL1,1,159
CULNIG,Culex nigripalpus,23,Culicinae,Culicini,Culex,Culex (Culex) nigripalpus ,"Theobald, 1901",species,isbn: 9781421438146,"Wilkerson, R. C., Linton, Y.-M. and Strickman, D. 2021. Mosquitoes of the World. John Hopkins University Press, Baltimore.",Culicidae,Culex,nigripalpus,,CULNIG,1,160
CULPIP2,Culex pipiens pallens,23,Culicinae,Culicini,Culex,Culex (Culex) pipiens pallens,"Coquillett, 1898",subspecies,isbn: 9781421438146,"Wilkerson, R. C., Linton, Y.-M. and Strickman, D. 2021. Mosquitoes of the World. John Hopkins University Press, Baltimore.",Culicidae,Culex,pipiens,pallens,CULPIP2,1,161
CULPIP3,Culex pipiens pipiens,23,Culicinae,Culicini,Culex,Culex (Culex) pipiens pipiens,"Linnaeus, 1758",subspecies,isbn: 9781421438146,"Wilkerson, R. C., Linton, Y.-M. and Strickman, D. 2021. Mosquitoes of the World. John Hopkins University Press, Baltimore.",Culicidae,Culex,pipiens,pipiens,CULPIP3,1,162
CULPIP,Culex pipiens,23,Culicinae,Culicini,Culex,Culex (Culex) pipiens ,"Linnaeus, 1758",species,isbn: 9781421438146,"Wilkerson, R. C., Linton, Y.-M. and Strickman, D. 2021. Mosquitoes of the World. John Hopkins University Press, Baltimore.",Culicidae,Culex,pipiens,,CULPIP,1,163
CULQUI,Culex quinquefasciatus,23,Culicinae,Culicini,Culex,Culex (Culex) quinquefasciatus ,"Say, 1823",species,isbn: 9781421438146,"Wilkerson, R. C., Linton, Y.-M. and Strickman, D. 2021. Mosquitoes of the World. John Hopkins University Press, Baltimore.",Culicidae,Culex,quinquefasciatus,,CULQUI,1,164
CULRES,Culex restuans,23,Culicinae,Culicini,Culex,Culex (Culex) restuans ,"Theobald, 1901",species,isbn: 9781421438146,"Wilkerson, R. C., Linton, Y.-M. and Strickman, D. 2021. Mosquitoes of the World. John Hopkins University Press, Baltimore.",Culicidae,Culex,restuans,,CULRES,1,165
CULSAL,Culex salinarius,23,Culicinae,Culicini,Culex,Culex (Culex) salinarius ,"Coquillett, 1904",species,isbn: 9781421438146,"Wilkerson, R. C., Linton, Y.-M. and Strickman, D. 2021. Mosquitoes of the World. John Hopkins University Press, Baltimore.",Culicidae,Culex,salinarius,,CULSAL,1,166
CULSEC,Culex secutor,23,Culicinae,Culicini,Culex,Culex (Culex) secutor ,"Theobald, 1901",species,isbn: 9781421438146,"Wilkerson, R. C., Linton, Y.-M. and Strickman, D. 2021. Mosquitoes of the World. John Hopkins University Press, Baltimore.",Culicidae,Culex,secutor,,CULSEC,1,167
CULSTI,Culex stigmatosoma,23,Culicinae,Culicini,Culex,Culex (Culex) stigmatosoma ,"Dyar, 1907",species,isbn: 9781421438146,"Wilkerson, R. C., Linton, Y.-M. and Strickman, D. 2021. Mosquitoes of the World. John Hopkins University Press, Baltimore.",Culicidae,Culex,stigmatosoma,,CULSTI,1,168
CULTAR,Culex tarsalis,23,Culicinae,Culicini,Culex,Culex (Culex) tarsalis ,"Coquillett, 1896",species,isbn: 9781421438146,"Wilkerson, R. C., Linton, Y.-M. and Strickman, D. 2021. Mosquitoes of the World. John Hopkins University Press, Baltimore.",Culicidae,Culex,tarsalis,,CULTAR,1,169
CULTHR,Culex thriambus,23,Culicinae,Culicini,Culex,Culex (Culex) thriambus ,"Dyar, 1921",species,isbn: 9781421438146,"Wilkerson, R. C., Linton, Y.-M. and Strickman, D. 2021. Mosquitoes of the World. John Hopkins University Press, Baltimore.",Culicidae,Culex,thriambus,,CULTHR,1,170
CULUNI1,Culex univittatus,23,Culicinae,Culicini,Culex,Culex (Culex) univittatus ,"Theobald, 1901",species,isbn: 9781421438146,"Wilkerson, R. C., Linton, Y.-M. and Strickman, D. 2021. Mosquitoes of the World. John Hopkins University Press, Baltimore.",Culicidae,Culex,univittatus,,CULUNI1,1,171
CULMIN1,Culex minor,23,Culicinae,Culicini,Lophoceraomyia,Culex (Lophoceraomyia) minor ,"(Leicester, 1908)",species,isbn: 9781421438146,"Wilkerson, R. C., Linton, Y.-M. and Strickman, D. 2021. Mosquitoes of the World. John Hopkins University Press, Baltimore.",Culicidae,Culex,minor,,CULMIN1,1,172
CULNIG1,Culex niger,23,Culicinae,Culicini,Lophoceraomyia,Culex (Lophoceraomyia) niger ,"(Leicester, 1908)",species,isbn: 9781421438146,"Wilkerson, R. C., Linton, Y.-M. and Strickman, D. 2021. Mosquitoes of the World. John Hopkins University Press, Baltimore.",Culicidae,Culex,niger,,CULNIG1,1,173
CULABO,Culex abominator,23,Culicinae,Culicini,Melanoconion,Culex (Melanoconion) abominator ,"Dyar and Knab, 1909",species,isbn: 9781421438146,"Wilkerson, R. C., Linton, Y.-M. and Strickman, D. 2021. Mosquitoes of the World. John Hopkins University Press, Baltimore.",Culicidae,Culex,abominator,,CULABO,1,174
CULANI,Culex anips,23,Culicinae,Culicini,Melanoconion,Culex (Melanoconion) anips ,"Dyar, 1916",species,isbn: 9781421438146,"Wilkerson, R. C., Linton, Y.-M. and Strickman, D. 2021. Mosquitoes of the World. John Hopkins University Press, Baltimore.",Culicidae,Culex,anips,,CULANI,1,175
CULATR,Culex atratus,23,Culicinae,Culicini,Melanoconion,Culex (Melanoconion) atratus ,"Theobald, 1901",species,isbn: 9781421438146,"Wilkerson, R. C., Linton, Y.-M. and Strickman, D. 2021. Mosquitoes of the World. John Hopkins University Press, Baltimore.",Culicidae,Culex,atratus,,CULATR,1,176
CULCAR,Culex carcinophilus,23,Culicinae,Culicini,Melanoconion,Culex (Melanoconion) carcinophilus ,"Dyar and Knab, 1906",species,isbn: 9781421438146,"Wilkerson, R. C., Linton, Y.-M. and Strickman, D. 2021. Mosquitoes of the World. John Hopkins University Press, Baltimore.",Culicidae,Culex,carcinophilus,,CULCAR,1,177
CULCED,Culex cedecei,23,Culicinae,Culicini,Melanoconion,Culex (Melanoconion) cedecei ,"Stone and Hair, 1968",species,isbn: 9781421438146,"Wilkerson, R. C., Linton, Y.-M. and Strickman, D. 2021. Mosquitoes of the World. John Hopkins University Press, Baltimore.",Culicidae,Culex,cedecei,,CULCED,1,178
CULELE,Culex elevator,23,Culicinae,Culicini,Melanoconion,Culex (Melanoconion) elevator ,"Dyar and Knab, 1906",species,isbn: 9781421438146,"Wilkerson, R. C., Linton, Y.-M. and Strickman, D. 2021. Mosquitoes of the World. John Hopkins University Press, Baltimore.",Culicidae,Culex,elevator,,CULELE,1,179
CULERR,Culex erraticus,23,Culicinae,Culicini,Melanoconion,Culex (Melanoconion) erraticus ,"(Dyar and Knab, 1906)",species,isbn: 9781421438146,"Wilkerson, R. C., Linton, Y.-M. and Strickman, D. 2021. Mosquitoes of the World. John Hopkins University Press, Baltimore.",Culicidae,Culex,erraticus,,CULERR,1,180
CULINH,Culex inhibitator,23,Culicinae,Culicini,Melanoconion,Culex (Melanoconion) inhibitator ,"Dyar and Knab, 1906",species,isbn: 9781421438146,"Wilkerson, R. C., Linton, Y.-M. and Strickman, D. 2021. Mosquitoes of the World. John Hopkins University Press, Baltimore.",Culicidae,Culex,inhibitator,,CULINH,1,181
CULIOL,Culex iolambdis,23,Culicinae,Culicini,Melanoconion,Culex (Melanoconion) iolambdis ,"Dyar, 1918",species,isbn: 9781421438146,"Wilkerson, R. C., Linton, Y.-M. and Strickman, D. 2021. Mosquitoes of the World. John Hopkins University Press, Baltimore.",Culicidae,Culex,iolambdis,,CULIOL,1,182
CULMUL,Culex mulrennani,23,Culicinae,Culicini,Melanoconion,Culex (Melanoconion) mulrennani ,"Basham, 1948",species,isbn: 9781421438146,"Wilkerson, R. C., Linton, Y.-M. and Strickman, D. 2021. Mosquitoes of the World. John Hopkins University Press, Baltimore.",Culicidae,Culex,mulrennani,,CULMUL,1,183
CULPEC,Culex peccator,23,Culicinae,Culicini,Melanoconion,Culex (Melanoconion) peccator ,"Dyar and Knab, 1909",species,isbn: 9781421438146,"Wilkerson, R. C., Linton, Y.-M. and Strickman, D. 2021. Mosquitoes of the World. John Hopkins University Press, Baltimore.",Culicidae,Culex,peccator,,CULPEC,1,184
CULPIL,Culex pilosus,23,Culicinae,Culicini,Melanoconion,Culex (Melanoconion) pilosus ,"(Dyar and Knab, 1906)",species,isbn: 9781421438146,"Wilkerson, R. C., Linton, Y.-M. and Strickman, D. 2021. Mosquitoes of the World. John Hopkins University Press, Baltimore.",Culicidae,Culex,pilosus,,CULPIL,1,185
CULSAR,Culex sardinerae,23,Culicinae,Culicini,Melanoconion,Culex (Melanoconion) sardinerae ,"Fox, 1953",species,isbn: 9781421438146,"Wilkerson, R. C., Linton, Y.-M. and Strickman, D. 2021. Mosquitoes of the World. John Hopkins University Press, Baltimore.",Culicidae,Culex,sardinerae,,CULSAR,1,186
CULTAE,Culex taeniopus,23,Culicinae,Culicini,Melanoconion,Culex (Melanoconion) taeniopus ,"Dyar and Knab, 1907",species,isbn: 9781421438146,"Wilkerson, R. C., Linton, Y.-M. and Strickman, D. 2021. Mosquitoes of the World. John Hopkins University Press, Baltimore.",Culicidae,Culex,taeniopus,,CULTAE,1,187
CULANT,Culex antillummagnorum,23,Culicinae,Culicini,Micraedes,Culex (Micraedes) antillummagnorum ,"Dyar, 1928",species,isbn: 9781421438146,"Wilkerson, R. C., Linton, Y.-M. and Strickman, D. 2021. Mosquitoes of the World. John Hopkins University Press, Baltimore.",Culicidae,Culex,antillummagnorum,,CULANT,1,188
CULBIS,Culex biscaynensis,23,Culicinae,Culicini,Micraedes,Culex (Micraedes) biscaynensis ,"Zavortink and O'Meara, 1999",species,isbn: 9781421438146,"Wilkerson, R. C., Linton, Y.-M. and Strickman, D. 2021. Mosquitoes of the World. John Hopkins University Press, Baltimore.",Culicidae,Culex,biscaynensis,,CULBIS,1,189
CULAPI,Culex apicalis,23,Culicinae,Culicini,Neoculex,Culex (Neoculex) apicalis ,"Adams, 1903",species,isbn: 9781421438146,"Wilkerson, R. C., Linton, Y.-M. and Strickman, D. 2021. Mosquitoes of the World. John Hopkins University Press, Baltimore.",Culicidae,Culex,apicalis,,CULAPI,1,190
CULARI,Culex arizonensis,23,Culicinae,Culicini,Neoculex,Culex (Neoculex) arizonensis ,"Bohart, 1949",species,isbn: 9781421438146,"Wilkerson, R. C., Linton, Y.-M. and Strickman, D. 2021. Mosquitoes of the World. John Hopkins University Press, Baltimore.",Culicidae,Culex,arizonensis,,CULARI,1,191
CULBOH,Culex boharti,23,Culicinae,Culicini,Neoculex,Culex (Neoculex) boharti ,"Brookman and Reeves, 1950",species,isbn: 9781421438146,"Wilkerson, R. C., Linton, Y.-M. and Strickman, D. 2021. Mosquitoes of the World. John Hopkins University Press, Baltimore.",Culicidae,Culex,boharti,,CULBOH,1,192
CULREE,Culex reevesi,23,Culicinae,Culicini,Neoculex,Culex (Neoculex) reevesi ,"Wirth, 1948",species,isbn: 9781421438146,"Wilkerson, R. C., Linton, Y.-M. and Strickman, D. 2021. Mosquitoes of the World. John Hopkins University Press, Baltimore.",Culicidae,Culex,reevesi,,CULREE,1,193
CULTER,Culex territans,23,Culicinae,Culicini,Neoculex,Culex (Neoculex) territans ,"Walker, 1856",species,isbn: 9781421438146,"Wilkerson, R. C., Linton, Y.-M. and Strickman, D. 2021. Mosquitoes of the World. John Hopkins University Press, Baltimore.",Culicidae,Culex,territans,,CULTER,1,194
CULLAT1,Culex latisquama,23,Culicinae,Culicini,Tinolestes,Culex (Tinolestes) latisquama ,"(Coquillett, 1906)",species,isbn: 9781421438146,"Wilkerson, R. C., Linton, Y.-M. and Strickman, D. 2021. Mosquitoes of the World. John Hopkins University Press, Baltimore.",Culicidae,Culex,latisquama,,CULLAT1,1,195
CULINO1,Culex inornatus,23,Culicinae,Culicini,,Culex () inornatus ,"(Theobald, 1905)",species,isbn: 9781421438146,"Wilkerson, R. C., Linton, Y.-M. and Strickman, D. 2021. Mosquitoes of the World. John Hopkins University Press, Baltimore.",Culicidae,Culex,inornatus,,CULINO1,1,196
DEICAN,Deinocerites cancer,23,Culicinae,Culicini,,Deinocerites () cancer ,"Theobald, 1901",species,isbn: 9781421438146,"Wilkerson, R. C., Linton, Y.-M. and Strickman, D. 2021. Mosquitoes of the World. John Hopkins University Press, Baltimore.",Culicidae,Deinocerites,cancer,,DEICAN,1,197
DEIMAT,Deinocerites mathesoni,23,Culicinae,Culicini,,Deinocerites () mathesoni ,"Belkin and Hogue, 1959",species,isbn: 9781421438146,"Wilkerson, R. C., Linton, Y.-M. and Strickman, D. 2021. Mosquitoes of the World. John Hopkins University Press, Baltimore.",Culicidae,Deinocerites,mathesoni,,DEIMAT,1,198
DEIPSE,Deinocerites pseudes,23,Culicinae,Culicini,,Deinocerites () pseudes ,"Dyar and Knab, 1909",species,isbn: 9781421438146,"Wilkerson, R. C., Linton, Y.-M. and Strickman, D. 2021. Mosquitoes of the World. John Hopkins University Press, Baltimore.",Culicidae,Deinocerites,pseudes,,DEIPSE,1,199
CULMEL,Culiseta melanura,23,Culicinae,Culisetini,Climacura,Culiseta (Climacura) melanura ,"(Coquillett, 1902)",species,isbn: 9781421438146,"Wilkerson, R. C., Linton, Y.-M. and Strickman, D. 2021. Mosquitoes of the World. John Hopkins University Press, Baltimore.",Culicidae,Culiseta,melanura,,CULMEL,1,200
CULMIN,Culiseta minnesotae,23,Culicinae,Culisetini,Culicella,Culiseta (Culicella) minnesotae ,"Barr, 1957",species,isbn: 9781421438146,"Wilkerson, R. C., Linton, Y.-M. and Strickman, D. 2021. Mosquitoes of the World. John Hopkins University Press, Baltimore.",Culicidae,Culiseta,minnesotae,,CULMIN,1,201
CULMOR,Culiseta morsitans,23,Culicinae,Culisetini,Culicella,Culiseta (Culicella) morsitans ,"(Theobald, 1901)",species,isbn: 9781421438146,"Wilkerson, R. C., Linton, Y.-M. and Strickman, D. 2021. Mosquitoes of the World. John Hopkins University Press, Baltimore.",Culicidae,Culiseta,morsitans,,CULMOR,1,202
CULALA1,Culiseta alaskaensis alaskaensis,23,Culicinae,Culisetini,Culiseta,Culiseta (Culiseta) alaskaensis alaskaensis,"(Ludlow, 1906)",subspecies,isbn: 9781421438146,"Wilkerson, R. C., Linton, Y.-M. and Strickman, D. 2021. Mosquitoes of the World. John Hopkins University Press, Baltimore.",Culicidae,Culiseta,alaskaensis,alaskaensis,CULALA1,1,203
CULALA,Culiseta alaskaensis,23,Culicinae,Culisetini,Culiseta,Culiseta (Culiseta) alaskaensis ,"(Ludlow, 1906)",species,isbn: 9781421438146,"Wilkerson, R. C., Linton, Y.-M. and Strickman, D. 2021. Mosquitoes of the World. John Hopkins University Press, Baltimore.",Culicidae,Culiseta,alaskaensis,,CULALA,1,204
CULIMP,Culiseta impatiens,24,Culicinae,Culisetini,Culiseta,Culiseta (Culiseta) impatiens ,"(Walker, 1848)",species,isbn: 9781421438146,"Wilkerson, R. C., Linton, Y.-M. and Strickman, D. 2021. Mosquitoes of the World. John Hopkins University Press, Baltimore.",Culicidae,Culiseta,impatiens,,CULIMP,1,205
CULINC,Culiseta incidens,24,Culicinae,Culisetini,Culiseta,Culiseta (Culiseta) incidens ,"(Thomson, 1869)",species,isbn: 9781421438146,"Wilkerson, R. C., Linton, Y.-M. and Strickman, D. 2021. Mosquitoes of the World. John Hopkins University Press, Baltimore.",Culicidae,Culiseta,incidens,,CULINC,1,206
CULINO,Culiseta inornata,24,Culicinae,Culisetini,Culiseta,Culiseta (Culiseta) inornata ,"(Williston, 1893)",species,isbn: 9781421438146,"Wilkerson, R. C., Linton, Y.-M. and Strickman, D. 2021. Mosquitoes of the World. John Hopkins University Press, Baltimore.",Culicidae,Culiseta,inornata,,CULINO,1,207
CULPAR,Culiseta particeps,24,Culicinae,Culisetini,Culiseta,Culiseta (Culiseta) particeps ,"(Adams, 1903)",species,isbn: 9781421438146,"Wilkerson, R. C., Linton, Y.-M. and Strickman, D. 2021. Mosquitoes of the World. John Hopkins University Press, Baltimore.",Culicidae,Culiseta,particeps,,CULPAR,1,208
MIMELE,Mimomyia elegans,24,Culicinae,Ficalbiini,Etorleptiomyia,Mimomyia (Etorleptiomyia) elegans ,"(Taylor, 1914)",species,isbn: 9781421438146,"Wilkerson, R. C., Linton, Y.-M. and Strickman, D. 2021. Mosquitoes of the World. John Hopkins University Press, Baltimore.",Culicidae,Mimomyia,elegans,,MIMELE,1,209
COQPER,Coquillettidia perturbans,24,Culicinae,Mansoniini,Coquillettidia,Coquillettidia (Coquillettidia) perturbans ,"(Walker, 1856)",species,isbn: 9781421438146,"Wilkerson, R. C., Linton, Y.-M. and Strickman, D. 2021. Mosquitoes of the World. John Hopkins University Press, Baltimore.",Culicidae,Coquillettidia,perturbans,,COQPER,1,210
MANDYA,Mansonia dyari,24,Culicinae,Mansoniini,Mansonia,Mansonia (Mansonia) dyari ,"Belkin, Heinemann and Page, 1970",species,isbn: 9781421438146,"Wilkerson, R. C., Linton, Y.-M. and Strickman, D. 2021. Mosquitoes of the World. John Hopkins University Press, Baltimore.",Culicidae,Mansonia,dyari,,MANDYA,1,211
MANFLA,Mansonia flaveola,24,Culicinae,Mansoniini,Mansonia,Mansonia (Mansonia) flaveola ,"(Coquillett, 1906)",species,isbn: 9781421438146,"Wilkerson, R. C., Linton, Y.-M. and Strickman, D. 2021. Mosquitoes of the World. John Hopkins University Press, Baltimore.",Culicidae,Mansonia,flaveola,,MANFLA,1,212
MANTIT,Mansonia titillans,24,Culicinae,Mansoniini,Mansonia,Mansonia (Mansonia) titillans ,"(Walker, 1848)",species,isbn: 9781421438146,"Wilkerson, R. C., Linton, Y.-M. and Strickman, D. 2021. Mosquitoes of the World. John Hopkins University Press, Baltimore.",Culicidae,Mansonia,titillans,,MANTIT,1,213
ORTALB,Orthopodomyia alba,24,Culicinae,Orthopodomyiini,,Orthopodomyia () alba ,"Baker, 1936",species,isbn: 9781421438146,"Wilkerson, R. C., Linton, Y.-M. and Strickman, D. 2021. Mosquitoes of the World. John Hopkins University Press, Baltimore.",Culicidae,Orthopodomyia,alba,,ORTALB,1,214
ORTKUM,Orthopodomyia kummi,24,Culicinae,Orthopodomyiini,,Orthopodomyia () kummi ,"Edwards, 1939",species,isbn: 9781421438146,"Wilkerson, R. C., Linton, Y.-M. and Strickman, D. 2021. Mosquitoes of the World. John Hopkins University Press, Baltimore.",Culicidae,Orthopodomyia,kummi,,ORTKUM,1,215
ORTSIG,Orthopodomyia signifera,24,Culicinae,Orthopodomyiini,,Orthopodomyia () signifera ,"(Coquillett, 1896)",species,isbn: 9781421438146,"Wilkerson, R. C., Linton, Y.-M. and Strickman, D. 2021. Mosquitoes of the World. John Hopkins University Press, Baltimore.",Culicidae,Orthopodomyia,signifera,,ORTSIG,1,216
WYESPE,Wyeomyia splendida,24,Culicinae,Sabethini,Phoniomyia,Wyeomyia (Phoniomyia) splendida ,"Bonne-Wepster and Bonne, 1919",species,isbn: 9781421438146,"Wilkerson, R. C., Linton, Y.-M. and Strickman, D. 2021. Mosquitoes of the World. John Hopkins University Press, Baltimore.",Culicidae,Wyeomyia,splendida,,WYESPE,1,217
WYEMED,Wyeomyia medioalbipes,24,Culicinae,Sabethini,Wyeomyia,Wyeomyia (Wyeomyia) medioalbipes ,"Lutz, 1904",species,isbn: 9781421438146,"Wilkerson, R. C., Linton, Y.-M. and Strickman, D. 2021. Mosquitoes of the World. John Hopkins University Press, Baltimore.",Culicidae,Wyeomyia,medioalbipes,,WYEMED,1,218
WYEMIT,Wyeomyia mitchellii,24,Culicinae,Sabethini,Wyeomyia,Wyeomyia (Wyeomyia) mitchellii ,"(Theobald, 1905)",species,isbn: 9781421438146,"Wilkerson, R. C., Linton, Y.-M. and Strickman, D. 2021. Mosquitoes of the World. John Hopkins University Press, Baltimore.",Culicidae,Wyeomyia,mitchellii,,WYEMIT,1,219
WYESMI,Wyeomyia smithii,24,Culicinae,Sabethini,Wyeomyia,Wyeomyia (Wyeomyia) smithii ,"(Coquillett, 1901)",species,isbn: 9781421438146,"Wilkerson, R. C., Linton, Y.-M. and Strickman, D. 2021. Mosquitoes of the World. John Hopkins University Press, Baltimore.",Culicidae,Wyeomyia,smithii,,WYESMI,1,220
WYEVAN,Wyeomyia vanduzeei,24,Culicinae,Sabethini,Wyeomyia,Wyeomyia (Wyeomyia) vanduzeei ,"Dyar and Knab, 1906",species,isbn: 9781421438146,"Wilkerson, R. C., Linton, Y.-M. and Strickman, D. 2021. Mosquitoes of the World. John Hopkins University Press, Baltimore.",Culicidae,Wyeomyia,vanduzeei,,WYEVAN,1,221
TOXMOC,Toxorhynchites moctezuma,24,Culicinae,Toxorhynchitini,Lynchiella,Toxorhynchites (Lynchiella) moctezuma ,"(Dyar and Knab, 1906)",species,isbn: 9781421438146,"Wilkerson, R. C., Linton, Y.-M. and Strickman, D. 2021. Mosquitoes of the World. John Hopkins University Press, Baltimore.",Culicidae,Toxorhynchites,moctezuma,,TOXMOC,1,222
TOXPOR,Toxorhynchites portoricensis,24,Culicinae,Toxorhynchitini,Lynchiella,Toxorhynchites (Lynchiella) portoricensis ,"(Roeder, 1885)",species,isbn: 9781421438146,"Wilkerson, R. C., Linton, Y.-M. and Strickman, D. 2021. Mosquitoes of the World. John Hopkins University Press, Baltimore.",Culicidae,Toxorhynchites,portoricensis,,TOXPOR,1,223
TOXRUT2,Toxorhynchites rutilus rutilus,24,Culicinae,Toxorhynchitini,Lynchiella,Toxorhynchites (Lynchiella) rutilus rutilus,"(Coquillett, 1896)",subspecies,isbn: 9781421438146,"Wilkerson, R. C., Linton, Y.-M. and Strickman, D. 2021. Mosquitoes of the World. John Hopkins University Press, Baltimore.",Culicidae,Toxorhynchites,rutilus,rutilus,TOXRUT2,1,224
TOXRUT,Toxorhynchites rutilus septentrionalis,24,Culicinae,Toxorhynchitini,Lynchiella,Toxorhynchites (Lynchiella) rutilus septentrionalis,"(Dyar and Knab, 1906)",subspecies,isbn: 9781421438146,"Wilkerson, R. C., Linton, Y.-M. and Strickman, D. 2021. Mosquitoes of the World. John Hopkins University Press, Baltimore.",Culicidae,Toxorhynchites,rutilus,septentrionalis,TOXRUT,1,225
TOXRUT1,Toxorhynchites rutilus,24,Culicinae,Toxorhynchitini,Lynchiella,Toxorhynchites (Lynchiella) rutilus ,"(Coquillett, 1896)",species,isbn: 9781421438146,"Wilkerson, R. C., Linton, Y.-M. and Strickman, D. 2021. Mosquitoes of the World. John Hopkins University Press, Baltimore.",Culicidae,Toxorhynchites,rutilus,,TOXRUT1,1,226
TOXAMB,Toxorhynchites amboinensis,24,Culicinae,Toxorhynchitini,Toxorhynchites,Toxorhynchites (Toxorhynchites) amboinensis ,"(Doleschall, 1857)",species,isbn: 9781421438146,"Wilkerson, R. C., Linton, Y.-M. and Strickman, D. 2021. Mosquitoes of the World. John Hopkins University Press, Baltimore.",Culicidae,Toxorhynchites,amboinensis,,TOXAMB,1,227
TOXBRE,Toxorhynchites brevipalpis,24,Culicinae,Toxorhynchitini,Toxorhynchites,Toxorhynchites (Toxorhynchites) brevipalpis ,"Theobald, 1901",species,isbn: 9781421438146,"Wilkerson, R. C., Linton, Y.-M. and Strickman, D. 2021. Mosquitoes of the World. John Hopkins University Press, Baltimore.",Culicidae,Toxorhynchites,brevipalpis,,TOXBRE,1,228
TOXSPL,Toxorhynchites splendens,24,Culicinae,Toxorhynchitini,Toxorhynchites,Toxorhynchites (Toxorhynchites) splendens ,"(Wiedemann, 1819)",species,isbn: 9781421438146,"Wilkerson, R. C., Linton, Y.-M. and Strickman, D. 2021. Mosquitoes of the World. John Hopkins University Press, Baltimore.",Culicidae,Toxorhynchites,splendens,,TOXSPL,1,229
URAANH2,Uranotaenia anhydor anhydor,24,Culicinae,Uranotaeniini,Pseudoficalbia,Uranotaenia (Pseudoficalbia) anhydor anhydor,"Dyar, 1907",subspecies,isbn: 9781421438146,"Wilkerson, R. C., Linton, Y.-M. and Strickman, D. 2021. Mosquitoes of the World. John Hopkins University Press, Baltimore.",Culicidae,Uranotaenia,anhydor,anhydor,URAANH2,1,230
URAANH,Uranotaenia anhydor syntheta,24,Culicinae,Uranotaeniini,Pseudoficalbia,Uranotaenia (Pseudoficalbia) anhydor syntheta,"Dyar and Shannon, 1924",subspecies,isbn: 9781421438146,"Wilkerson, R. C., Linton, Y.-M. and Strickman, D. 2021. Mosquitoes of the World. John Hopkins University Press, Baltimore.",Culicidae,Uranotaenia,anhydor,syntheta,URAANH,1,231
URAANH1,Uranotaenia anhydor,24,Culicinae,Uranotaeniini,Pseudoficalbia,Uranotaenia (Pseudoficalbia) anhydor ,"Dyar, 1907",species,isbn: 9781421438146,"Wilkerson, R. C., Linton, Y.-M. and Strickman, D. 2021. Mosquitoes of the World. John Hopkins University Press, Baltimore.",Culicidae,Uranotaenia,anhydor,,URAANH1,1,232
URACOO,Uranotaenia cooki,24,Culicinae,Uranotaeniini,Uranotaenia,Uranotaenia (Uranotaenia) cooki ,"Root, 1937",species,isbn: 9781421438146,"Wilkerson, R. C., Linton, Y.-M. and Strickman, D. 2021. Mosquitoes of the World. John Hopkins University Press, Baltimore.",Culicidae,Uranotaenia,cooki,,URACOO,1,233
URALOW,Uranotaenia lowii,24,Culicinae,Uranotaeniini,Uranotaenia,Uranotaenia (Uranotaenia) lowii ,"Theobald, 1901",species,isbn: 9781421438146,"Wilkerson, R. C., Linton, Y.-M. and Strickman, D. 2021. Mosquitoes of the World. John Hopkins University Press, Baltimore.",Culicidae,Uranotaenia,lowii,,URALOW,1,234
URASAP,Uranotaenia sapphirina,24,Culicinae,Uranotaeniini,Uranotaenia,Uranotaenia (Uranotaenia) sapphirina ,"(Osten Sacken, 1868)",species,isbn: 9781421438146,"Wilkerson, R. C., Linton, Y.-M. and Strickman, D. 2021. Mosquitoes of the World. John Hopkins University Press, Baltimore.",Culicidae,Uranotaenia,sapphirina,,URASAP,1,235
URASOC,Uranotaenia socialis,24,Culicinae,Uranotaeniini,Uranotaenia,Uranotaenia (Uranotaenia) socialis ,"Theobald, 1901",species,isbn: 9781421438146,"Wilkerson, R. C., Linton, Y.-M. and Strickman, D. 2021. Mosquitoes of the World. John Hopkins University Press, Baltimore.",Culicidae,Uranotaenia,socialis,,URASOC,1,236